﻿<?xml version="1.0"?>
<doc>
<assembly>
<name>
OTTO
</name>
</assembly>
<members>
<member name="T:WindowsOTTO.My.Resources.Resources">
<summary>
  A strongly-typed resource class, for looking up localized strings, etc.
</summary>
</member>
<member name="P:WindowsOTTO.My.Resources.Resources.ResourceManager">
<summary>
  Returns the cached ResourceManager instance used by this class.
</summary>
</member>
<member name="P:WindowsOTTO.My.Resources.Resources.Culture">
<summary>
  Overrides the current thread's CurrentUICulture property for all
  resource lookups using this strongly typed resource class.
</summary>
</member>
<member name="P:WindowsOTTO.My.Resources.Resources.OTTO_APP_icon_left">
<summary>
  Looks up a localized resource of type System.Drawing.Bitmap.
</summary>
</member>
<member name="P:WindowsOTTO.My.Resources.Resources.OTTO_APP_icon_right">
<summary>
  Looks up a localized resource of type System.Drawing.Bitmap.
</summary>
</member>
<member name="P:WindowsOTTO.My.Resources.Resources.OTTO_APP_icon_right1">
<summary>
  Looks up a localized resource of type System.Drawing.Bitmap.
</summary>
</member>
<member name="P:WindowsOTTO.My.Resources.Resources.OTTO_APP_icons_speed">
<summary>
  Looks up a localized resource of type System.Drawing.Bitmap.
</summary>
</member>
<member name="P:WindowsOTTO.My.Resources.Resources.OTTO_APP_icons_speed_low">
<summary>
  Looks up a localized resource of type System.Drawing.Bitmap.
</summary>
</member>
<member name="P:WindowsOTTO.My.Resources.Resources.OTTO_APP_icons_speed_mid">
<summary>
  Looks up a localized resource of type System.Drawing.Bitmap.
</summary>
</member>
<member name="P:WindowsOTTO.My.Resources.Resources.OttoDIY_Logo_RGB">
<summary>
  Looks up a localized resource of type System.Drawing.Bitmap.
</summary>
</member>
<member name="P:WindowsOTTO.My.Resources.Resources.OttoDIY_OTTO_ARMS">
<summary>
  Looks up a localized resource of type System.Drawing.Bitmap.
</summary>
</member>
<member name="P:WindowsOTTO.My.Resources.Resources.OttoDIY_OTTO_PLAIN">
<summary>
  Looks up a localized resource of type System.Drawing.Bitmap.
</summary>
</member>
<member name="P:WindowsOTTO.My.Resources.Resources.OttoDIY_OTTO_PLUS">
<summary>
  Looks up a localized resource of type System.Drawing.Bitmap.
</summary>
</member>
<member name="P:WindowsOTTO.My.Resources.Resources.OttoDIY_OTTO_WHEELS">
<summary>
  Looks up a localized resource of type System.Drawing.Bitmap.
</summary>
</member>
<member name="P:WindowsOTTO.My.Resources.Resources.tito">
<summary>
  Looks up a localized resource of type System.Drawing.Bitmap.
</summary>
</member>
<member name="P:WindowsOTTO.My.Resources.Resources.tito2">
<summary>
  Looks up a localized resource of type System.Drawing.Bitmap.
</summary>
</member>
<member name="P:WindowsOTTO.My.Resources.Resources.tito3">
<summary>
  Looks up a localized resource of type System.Drawing.Bitmap.
</summary>
</member>
<member name="P:WindowsOTTO.My.Resources.Resources.tito3A">
<summary>
  Looks up a localized resource of type System.Drawing.Bitmap.
</summary>
</member>
</members>
</doc>
